Afghanistan,1990,32
Afghanistan,1991,37
Afghanistan,1992,50
Afghanistan,1993,58
Afghanistan,1994,65
Afghanistan,1995,72
Afghanistan,1996,78
Afghanistan,1997,83
Afghanistan,1998,88
Afghanistan,1999,87
Afghanistan,2000,93
Afghanistan,2001,94
Afghanistan,2002,110
Afghanistan,2003,113
Afghanistan,2004,123
Afghanistan,2005,132
Afghanistan,2006,133
Afghanistan,2007,144
Afghanistan,2008,153
Afghanistan,2009,158
Afghanistan,2010,169
Afghanistan,2011,176
Afghanistan,2012,186
Afghanistan,2013,202
Afghanistan,2014,219
Afghanistan,2015,242
Afghanistan,2016,269
Afghanistan,2017,302
Algeria,1990,47
Algeria,1991,53
Algeria,1992,60
Algeria,1993,68
Algeria,1994,77
Algeria,1995,87
Algeria,1996,98
Algeria,1997,111
Algeria,1998,125
Algeria,1999,141
Algeria,2000,159
Algeria,2001,180
Algeria,2002,203
Algeria,2003,229
Algeria,2004,257
Algeria,2005,289
Algeria,2006,312
Algeria,2007,324
Algeria,2008,328
Algeria,2009,347
Algeria,2010,355
Algeria,2011,372
Algeria,2012,393
Algeria,2013,396
Algeria,2014,406
Algeria,2015,371
Algeria,2016,349
Algeria,2017,326
Angola,1990,146
Angola,1991,217
Angola,1992,317
Angola,1993,456
Angola,1994,642
Angola,1995,889
Angola,1996,1207
Angola,1997,1607
Angola,1998,2101
Angola,1999,2697
Angola,2000,3404
Angola,2001,4219
Angola,2002,5141
Angola,2003,6164
Angola,2004,7256
Angola,2005,8407
Angola,2006,9462
Angola,2007,10465
Angola,2008,11383
Angola,2009,12265
Angola,2010,12989
Angola,2011,13797
Angola,2012,14580
Angola,2013,14900
Angola,2014,14660
Angola,2015,14423
Angola,2016,14372
Angola,2017,14584
Argentina,1990,615
Argentina,1991,717
Argentina,1992,966
Argentina,1993,1052
Argentina,1994,1375
Argentina,1995,1684
Argentina,1996,1928
Argentina,1997,2046
Argentina,1998,1897
Argentina,1999,1736
Argentina,2000,1718
Argentina,2001,1730
Argentina,2002,1799
Argentina,2003,1846
Argentina,2004,1699
Argentina,2005,1573
Argentina,2006,1640
Argentina,2007,1662
Argentina,2008,1650
Argentina,2009,1658
Argentina,2010,1571
Argentina,2011,1538
Argentina,2012,1658
Argentina,2013,1666
Argentina,2014,1681
Argentina,2015,1729
Argentina,2016,1731
Argentina,2017,1719
Armenia,2012,21
Armenia,2014,30
Armenia,2015,33
Armenia,2016,30
Armenia,2017,23
Australia,1990,374
Australia,1991,430
Australia,1992,478
Australia,1993,565
Australia,1994,553
Australia,1995,520
Australia,1996,488
Australia,1997,241
Australia,1998,193
Australia,1999,171
Australia,2000,163
Australia,2001,147
Australia,2002,134
Australia,2003,136
Australia,2004,145
Australia,2005,117
Australia,2006,135
Australia,2007,124
Australia,2008,96
Australia,2009,104
Australia,2010,85
Australia,2011,104
Australia,2012,77
Australia,2013,72
Australia,2014,71
Australia,2015,70
Australia,2016,76
Australia,2017,76
Austria,1990,69
Austria,1991,90
Austria,1992,136
Austria,1993,146
Austria,1994,177
Austria,1995,163
Austria,1996,117
Austria,1997,64
Austria,1998,68
Austria,1999,56
Austria,2000,49
Austria,2001,50
Austria,2002,53
Austria,2003,50
Austria,2004,56
Austria,2005,65
Austria,2006,42
Austria,2007,59
Austria,2008,47
Austria,2009,40
Austria,2010,45
Austria,2011,41
Austria,2012,39
Austria,2013,50
Austria,2014,42
Austria,2015,44
Austria,2016,35
Austria,2017,37
Azerbaijan,1992,20
Azerbaijan,1993,24
Azerbaijan,1994,27
Azerbaijan,1995,30
Azerbaijan,1996,34
Azerbaijan,1997,37
Azerbaijan,1998,40
Azerbaijan,1999,44
Azerbaijan,2000,47
Azerbaijan,2001,51
Azerbaijan,2002,54
Azerbaijan,2003,57
Azerbaijan,2004,60
Azerbaijan,2005,63
Azerbaijan,2006,64
Azerbaijan,2007,59
Azerbaijan,2008,47
Azerbaijan,2009,43
Azerbaijan,2010,44
Azerbaijan,2011,37
Azerbaijan,2012,29
Azerbaijan,2013,26
Azerbaijan,2014,24
Azerbaijan,2015,26
Azerbaijan,2016,29
Azerbaijan,2017,31
the Bahamas,1990,63
the Bahamas,1991,85
the Bahamas,1992,111
the Bahamas,1993,150
the Bahamas,1994,182
the Bahamas,1995,191
the Bahamas,1996,225
the Bahamas,1997,194
the Bahamas,1998,182
the Bahamas,1999,250
the Bahamas,2000,251
the Bahamas,2001,254
the Bahamas,2002,217
the Bahamas,2003,194
the Bahamas,2004,191
the Bahamas,2005,159
the Bahamas,2006,174
the Bahamas,2007,134
the Bahamas,2008,128
the Bahamas,2009,127
the Bahamas,2010,116
the Bahamas,2011,115
the Bahamas,2012,115
the Bahamas,2013,113
the Bahamas,2014,116
the Bahamas,2015,116
the Bahamas,2016,115
the Bahamas,2017,114
Bangladesh,2000,25
Bangladesh,2001,36
Bangladesh,2002,52
Bangladesh,2003,74
Bangladesh,2004,104
Bangladesh,2005,139
Bangladesh,2006,180
Bangladesh,2007,227
Bangladesh,2008,274
Bangladesh,2009,322
Bangladesh,2010,379
Bangladesh,2011,441
Bangladesh,2012,497
Bangladesh,2013,537
Bangladesh,2014,566
Bangladesh,2015,591
Bangladesh,2016,609
Bangladesh,2017,627
Barbados,1990,36
Barbados,1991,30
Barbados,1992,38
Barbados,1993,42
Barbados,1994,56
Barbados,1995,57
Barbados,1996,49
Barbados,1997,49
Barbados,1998,50
Barbados,1999,53
Barbados,2000,66
Barbados,2001,60
Barbados,2002,49
Barbados,2003,36
Barbados,2004,36
Barbados,2005,36
Barbados,2006,35
Barbados,2007,32
Barbados,2008,28
Barbados,2009,28
Barbados,2010,30
Barbados,2011,29
Barbados,2012,26
Barbados,2013,25
Barbados,2014,26
Barbados,2015,25
Barbados,2016,25
Barbados,2017,24
Belarus,1990,48
Belarus,1991,73
Belarus,1992,71
Belarus,1993,86
Belarus,1994,114
Belarus,1995,122
Belarus,1996,114
Belarus,1997,131
Belarus,1998,122
Belarus,1999,164
Belarus,2000,129
Belarus,2001,116
Belarus,2002,171
Belarus,2003,211
Belarus,2004,207
Belarus,2005,227
Belarus,2006,253
Belarus,2007,286
Belarus,2008,309
Belarus,2009,356
Belarus,2010,360
Belarus,2011,403
Belarus,2012,355
Belarus,2013,329
Belarus,2014,337
Belarus,2015,324
Belarus,2016,315
Belarus,2017,303
Belgium,1990,135
Belgium,1991,164
Belgium,1992,130
Belgium,1993,193
Belgium,1994,209
Belgium,1995,242
Belgium,1996,187
Belgium,1997,105
Belgium,1998,80
Belgium,1999,79
Belgium,2000,83
Belgium,2001,97
Belgium,2002,95
Belgium,2003,93
Belgium,2004,103
Belgium,2005,84
Belgium,2006,69
Belgium,2007,72
Belgium,2008,79
Belgium,2009,70
Belgium,2010,85
Belgium,2011,81
Belgium,2012,74
Belgium,2013,79
Belgium,2014,59
Belgium,2015,63
Belgium,2016,63
Belgium,2017,61
Belize,1990,33
Belize,1991,23
Belize,1992,26
Belize,1993,34
Belize,1994,41
Belize,1995,34
Belize,1996,41
Belize,1997,36
Belize,1998,41
Belize,1999,55
Belize,2000,65
Belize,2001,58
Belize,2002,75
Belize,2003,79
Belize,2004,82
Belize,2005,69
Belize,2006,71
Belize,2007,63
Belize,2008,57
Belize,2009,68
Belize,2010,75
Belize,2011,72
Belize,2012,71
Belize,2013,73
Belize,2014,85
Belize,2015,90
Belize,2016,81
Belize,2017,81
Benin,1990,42
Benin,1991,84
Benin,1992,161
Benin,1993,297
Benin,1994,507
Benin,1995,799
Benin,1996,1168
Benin,1997,1592
Benin,1998,2049
Benin,1999,2508
Benin,2000,2942
Benin,2001,3326
Benin,2002,3646
Benin,2003,3888
Benin,2004,4065
Benin,2005,4186
Benin,2006,4256
Benin,2007,4292
Benin,2008,3793
Benin,2009,3185
Benin,2010,2714
Benin,2011,2402
Benin,2012,2235
Benin,2013,2281
Benin,2014,2317
Benin,2015,2200
Benin,2016,1976
Benin,2017,1809
Bhutan,2002,20
Bhutan,2003,22
Bhutan,2004,24
Bhutan,2005,26
Bhutan,2006,29
Bhutan,2007,32
Bhutan,2008,36
Bhutan,2009,40
Bhutan,2010,45
Bhutan,2011,49
Bhutan,2012,55
Bhutan,2013,60
Bhutan,2014,66
Bhutan,2015,71
Bhutan,2016,76
Bhutan,2017,81
Bolivia,1990,266
Bolivia,1991,323
Bolivia,1992,380
Bolivia,1993,433
Bolivia,1994,483
Bolivia,1995,527
Bolivia,1996,568
Bolivia,1997,606
Bolivia,1998,643
Bolivia,1999,679
Bolivia,2000,713
Bolivia,2001,740
Bolivia,2002,760
Bolivia,2003,778
Bolivia,2004,795
Bolivia,2005,810
Bolivia,2006,823
Bolivia,2007,842
Bolivia,2008,880
Bolivia,2009,905
Bolivia,2010,940
Bolivia,2011,1024
Bolivia,2012,1095
Bolivia,2013,1152
Bolivia,2014,1184
Bolivia,2015,1191
Bolivia,2016,1187
Bolivia,2017,1167
Botswana,1990,1705
Botswana,1991,2225
Botswana,1992,2825
Botswana,1993,3525
Botswana,1994,4347
Botswana,1995,5320
Botswana,1996,6436
Botswana,1997,7687
Botswana,1998,9059
Botswana,1999,10518
Botswana,2000,11997
Botswana,2001,13378
Botswana,2002,14529
Botswana,2003,15366
Botswana,2004,15506
Botswana,2005,14857
Botswana,2006,13854
Botswana,2007,12923
Botswana,2008,11957
Botswana,2009,10985
Botswana,2010,9699
Botswana,2011,8698
Botswana,2012,7701
Botswana,2013,6777
Botswana,2014,5970
Botswana,2015,5331
Botswana,2016,4673
Botswana,2017,4101
Brazil,1990,8083
Brazil,1991,10171
Brazil,1992,12102
Brazil,1993,14565
Brazil,1994,16469
Brazil,1995,18221
Brazil,1996,18480
Brazil,1997,15930
Brazil,1998,14764
Brazil,1999,14563
Brazil,2000,14510
Brazil,2001,14620
Brazil,2002,14539
Brazil,2003,14942
Brazil,2004,14593
Brazil,2005,14568
Brazil,2006,14410
Brazil,2007,14553
Brazil,2008,15042
Brazil,2009,15065
Brazil,2010,15292
Brazil,2011,15226
Brazil,2012,15123
Brazil,2013,15488
Brazil,2014,15432
Brazil,2015,15408
Brazil,2016,15242
Brazil,2017,15405
Bulgaria,1990,34
Bulgaria,1991,29
Bulgaria,1992,32
Bulgaria,1993,42
Bulgaria,1994,59
Bulgaria,1995,36
Bulgaria,1996,62
Bulgaria,1997,84
Bulgaria,1998,101
Bulgaria,1999,76
Bulgaria,2000,63
Bulgaria,2001,65
Bulgaria,2002,67
Bulgaria,2003,68
Bulgaria,2004,68
Bulgaria,2005,97
Bulgaria,2006,102
Bulgaria,2007,98
Bulgaria,2008,93
Bulgaria,2009,69
Bulgaria,2010,73
Bulgaria,2011,65
Bulgaria,2012,73
Bulgaria,2013,59
Bulgaria,2014,55
Bulgaria,2015,57
Bulgaria,2016,56
Bulgaria,2017,54
Burkina Faso,1990,7420
Burkina Faso,1991,9327
Burkina Faso,1992,11108
Burkina Faso,1993,12629
Burkina Faso,1994,13792
Burkina Faso,1995,14571
Burkina Faso,1996,14966
Burkina Faso,1997,14994
Burkina Faso,1998,14749
Burkina Faso,1999,14318
Burkina Faso,2000,13801
Burkina Faso,2001,13262
Burkina Faso,2002,12720
Burkina Faso,2003,12160
Burkina Faso,2004,11513
Burkina Faso,2005,10765
Burkina Faso,2006,9907
Burkina Faso,2007,9046
Burkina Faso,2008,8237
Burkina Faso,2009,7079
Burkina Faso,2010,6156
Burkina Faso,2011,5207
Burkina Faso,2012,4593
Burkina Faso,2013,4074
Burkina Faso,2014,3565
Burkina Faso,2015,3145
Burkina Faso,2016,2708
Burkina Faso,2017,2636
Burundi,1990,1751
Burundi,1991,2638
Burundi,1992,3615
Burundi,1993,4775
Burundi,1994,6548
Burundi,1995,8029
Burundi,1996,9356
Burundi,1997,10732
Burundi,1998,12193
Burundi,1999,13355
Burundi,2000,14239
Burundi,2001,14821
Burundi,2002,15047
Burundi,2003,15062
Burundi,2004,14747
Burundi,2005,14052
Burundi,2006,13201
Burundi,2007,12228
Burundi,2008,11200
Burundi,2009,10218
Burundi,2010,8840
Burundi,2011,7309
Burundi,2012,6461
Burundi,2013,5521
Burundi,2014,4751
Burundi,2015,3881
Burundi,2016,3125
Burundi,2017,2620
Cambodia,1991,24
Cambodia,1992,116
Cambodia,1993,347
Cambodia,1994,779
Cambodia,1995,1439
Cambodia,1996,2302
Cambodia,1997,3278
Cambodia,1998,4310
Cambodia,1999,5280
Cambodia,2000,6137
Cambodia,2001,6800
Cambodia,2002,7229
Cambodia,2003,7392
Cambodia,2004,7222
Cambodia,2005,6674
Cambodia,2006,5851
Cambodia,2007,4948
Cambodia,2008,4173
Cambodia,2009,3639
Cambodia,2010,3033
Cambodia,2011,2557
Cambodia,2012,2245
Cambodia,2013,2014
Cambodia,2014,1772
Cambodia,2015,1644
Cambodia,2016,1516
Cambodia,2017,1378
Cameroon,1990,1779
Cameroon,1991,2325
Cameroon,1992,2999
Cameroon,1993,3841
Cameroon,1994,4908
Cameroon,1995,6266
Cameroon,1996,7964
Cameroon,1997,10044
Cameroon,1998,12526
Cameroon,1999,15396
Cameroon,2000,18595
Cameroon,2001,21987
Cameroon,2002,25382
Cameroon,2003,28627
Cameroon,2004,31267
Cameroon,2005,33073
Cameroon,2006,34416
Cameroon,2007,35140
Cameroon,2008,34953
Cameroon,2009,34494
Cameroon,2010,33242
Cameroon,2011,32011
Cameroon,2012,30474
Cameroon,2013,29339
Cameroon,2014,28510
Cameroon,2015,27180
Cameroon,2016,25219
Cameroon,2017,22802
Canada,1990,797
Canada,1991,938
Canada,1992,1103
Canada,1993,1202
Canada,1994,1279
Canada,1995,1613
Canada,1996,1243
Canada,1997,662
Canada,1998,509
Canada,1999,430
Canada,2000,564
Canada,2001,482
Canada,2002,467
Canada,2003,477
Canada,2004,457
Canada,2005,503
Canada,2006,474
Canada,2007,449
Canada,2008,417
Canada,2009,366
Canada,2010,335
Canada,2011,307
Canada,2012,282
Canada,2013,237
Canada,2014,279
Canada,2015,280
Canada,2016,277
Canada,2017,273
Cape Verde,1990,30
Cape Verde,1991,41
Cape Verde,1992,54
Cape Verde,1993,68
Cape Verde,1994,80
Cape Verde,1995,96
Cape Verde,1996,111
Cape Verde,1997,126
Cape Verde,1998,139
Cape Verde,1999,152
Cape Verde,2000,164
Cape Verde,2001,174
Cape Verde,2002,183
Cape Verde,2003,190
Cape Verde,2004,195
Cape Verde,2005,196
Cape Verde,2006,191
Cape Verde,2007,183
Cape Verde,2008,174
Cape Verde,2009,170
Cape Verde,2010,166
Cape Verde,2011,160
Cape Verde,2012,154
Cape Verde,2013,146
Cape Verde,2014,139
Cape Verde,2015,136
Cape Verde,2016,133
Cape Verde,2017,124
the Caribbean,1990,4216
the Caribbean,1991,5691
the Caribbean,1992,7617
the Caribbean,1993,9685
the Caribbean,1994,12208
the Caribbean,1995,14131
the Caribbean,1996,15888
the Caribbean,1997,16488
the Caribbean,1998,17328
the Caribbean,1999,18399
the Caribbean,2000,19013
the Caribbean,2001,19367
the Caribbean,2002,19052
the Caribbean,2003,18619
the Caribbean,2004,18484
the Caribbean,2005,17837
the Caribbean,2006,17250
the Caribbean,2007,16402
the Caribbean,2008,15485
the Caribbean,2009,14632
the Caribbean,2010,14082
the Caribbean,2011,13151
the Caribbean,2012,12367
the Caribbean,2013,11344
the Caribbean,2014,10579
the Caribbean,2015,10097
the Caribbean,2016,9384
the Caribbean,2017,8558
the Central African Republic,1990,3529
the Central African Republic,1991,4454
the Central African Republic,1992,5413
the Central African Republic,1993,6375
the Central African Republic,1994,7307
the Central African Republic,1995,8228
the Central African Republic,1996,9129
the Central African Republic,1997,9995
the Central African Republic,1998,10833
the Central African Republic,1999,11634
the Central African Republic,2000,12326
the Central African Republic,2001,12924
the Central African Republic,2002,13386
the Central African Republic,2003,13661
the Central African Republic,2004,13801
the Central African Republic,2005,13742
the Central African Republic,2006,13397
the Central African Republic,2007,12841
the Central African Republic,2008,12073
the Central African Republic,2009,11269
the Central African Republic,2010,10583
the Central African Republic,2011,10019
the Central African Republic,2012,9417
the Central African Republic,2013,8792
the Central African Republic,2014,7901
the Central African Republic,2015,7010
the Central African Republic,2016,6076
the Central African Republic,2017,5319
Chad,1990,1279
Chad,1991,1826
Chad,1992,2482
Chad,1993,3225
Chad,1994,4018
Chad,1995,4830
Chad,1996,5612
Chad,1997,6338
Chad,1998,7005
Chad,1999,7590
Chad,2000,8108
Chad,2001,8544
Chad,2002,8910
Chad,2003,9296
Chad,2004,9497
Chad,2005,9631
Chad,2006,9584
Chad,2007,9395
Chad,2008,8854
Chad,2009,8116
Chad,2010,7346
Chad,2011,6918
Chad,2012,6630
Chad,2013,6311
Chad,2014,5810
Chad,2015,5014
Chad,2016,4812
Chad,2017,4925
Chile,1990,103
Chile,1991,100
Chile,1992,142
Chile,1993,197
Chile,1994,279
Chile,1995,319
Chile,1996,382
Chile,1997,448
Chile,1998,439
Chile,1999,528
Chile,2000,520
Chile,2001,582
Chile,2002,476
Chile,2003,455
Chile,2004,428
Chile,2005,416
Chile,2006,441
Chile,2007,415
Chile,2008,412
Chile,2009,458
Chile,2010,455
Chile,2011,504
Chile,2012,480
Chile,2013,543
Chile,2014,533
Chile,2015,550
Chile,2016,515
Chile,2017,504
China,1990,3336
China,1991,4247
China,1992,5037
China,1993,5884
China,1994,6518
China,1995,7573
China,1996,8103
China,1997,8768
China,1998,9768
China,1999,10579
China,2000,11428
China,2001,12663
China,2002,13850
China,2003,14890
China,2004,15762
China,2005,17576
China,2006,18367
China,2007,18507
China,2008,19530
China,2009,20348
China,2010,19893
China,2011,19639
China,2012,18532
China,2013,19636
China,2014,23888
China,2015,28950
China,2016,32878
China,2017,34799
Colombia,1990,429
Colombia,1991,521
Colombia,1992,543
Colombia,1993,673
Colombia,1994,927
Colombia,1995,1039
Colombia,1996,1089
Colombia,1997,1818
Colombia,1998,1823
Colombia,1999,2029
Colombia,2000,2205
Colombia,2001,2499
Colombia,2002,2468
Colombia,2003,2599
Colombia,2004,2700
Colombia,2005,2687
Colombia,2006,2675
Colombia,2007,2772
Colombia,2008,2754
Colombia,2009,2695
Colombia,2010,2799
Colombia,2011,2728
Colombia,2012,2627
Colombia,2013,2730
Colombia,2014,2717
Colombia,2015,2688
Colombia,2016,2659
Colombia,2017,2636
Congo,1990,3230
Congo,1991,3906
Congo,1992,4503
Congo,1993,5018
Congo,1994,5426
Congo,1995,5737
Congo,1996,5973
Congo,1997,6110
Congo,1998,6188
Congo,1999,6229
Congo,2000,6264
Congo,2001,6312
Congo,2002,6343
Congo,2003,6378
Congo,2004,6402
Congo,2005,6391
Congo,2006,6344
Congo,2007,6305
Congo,2008,6062
Congo,2009,5792
Congo,2010,5629
Congo,2011,5433
Congo,2012,5382
Congo,2013,5389
Congo,2014,5452
Congo,2015,5335
Congo,2016,5282
Congo,2017,5571
Costa Rica,1990,58
Costa Rica,1991,93
Costa Rica,1992,97
Costa Rica,1993,119
Costa Rica,1994,139
Costa Rica,1995,173
Costa Rica,1996,177
Costa Rica,1997,198
Costa Rica,1998,148
Costa Rica,1999,152
Costa Rica,2000,151
Costa Rica,2001,167
Costa Rica,2002,148
Costa Rica,2003,165
Costa Rica,2004,148
Costa Rica,2005,149
Costa Rica,2006,169
Costa Rica,2007,134
Costa Rica,2008,150
Costa Rica,2009,135
Costa Rica,2010,157
Costa Rica,2011,151
Costa Rica,2012,182
Costa Rica,2013,171
Costa Rica,2014,188
Costa Rica,2015,162
Costa Rica,2016,157
Costa Rica,2017,153
Cote d'Ivoire,1990,15152
Cote d'Ivoire,1991,19359
Cote d'Ivoire,1992,23710
Cote d'Ivoire,1993,27916
Cote d'Ivoire,1994,31722
Cote d'Ivoire,1995,34937
Cote d'Ivoire,1996,37446
Cote d'Ivoire,1997,39204
Cote d'Ivoire,1998,40235
Cote d'Ivoire,1999,40664
Cote d'Ivoire,2000,40687
Cote d'Ivoire,2001,40510
Cote d'Ivoire,2002,40196
Cote d'Ivoire,2003,39999
Cote d'Ivoire,2004,39838
Cote d'Ivoire,2005,39136
Cote d'Ivoire,2006,38023
Cote d'Ivoire,2007,36670
Cote d'Ivoire,2008,34406
Cote d'Ivoire,2009,32823
Cote d'Ivoire,2010,33506
Cote d'Ivoire,2011,30388
Cote d'Ivoire,2012,27302
Cote d'Ivoire,2013,25123
Cote d'Ivoire,2014,23860
Cote d'Ivoire,2015,22314
Cote d'Ivoire,2016,20474
Cote d'Ivoire,2017,18818
Cuba,1990,66
Cuba,1991,67
Cuba,1992,82
Cuba,1993,123
Cuba,1994,120
Cuba,1995,132
Cuba,1996,131
Cuba,1997,109
Cuba,1998,104
Cuba,1999,130
Cuba,2000,134
Cuba,2001,128
Cuba,2002,99
Cuba,2003,87
Cuba,2004,121
Cuba,2005,132
Cuba,2006,129
Cuba,2007,169
Cuba,2008,186
Cuba,2009,200
Cuba,2010,226
Cuba,2011,258
Cuba,2012,322
Cuba,2013,368
Cuba,2014,396
Cuba,2015,465
Cuba,2016,381
Cuba,2017,361
Czech Republic,2009,23
Czech Republic,2011,21
Czech Republic,2012,21
Czech Republic,2013,21
Czech Republic,2014,30
Czech Republic,2015,20
Czech Republic,2016,27
Czech Republic,2017,23
the Democratic Republic of Congo,1990,19706
the Democratic Republic of Congo,1991,22434
the Democratic Republic of Congo,1992,24882
the Democratic Republic of Congo,1993,27048
the Democratic Republic of Congo,1994,28988
the Democratic Republic of Congo,1995,30752
the Democratic Republic of Congo,1996,32333
the Democratic Republic of Congo,1997,33783
the Democratic Republic of Congo,1998,35242
the Democratic Republic of Congo,1999,36790
the Democratic Republic of Congo,2000,38462
the Democratic Republic of Congo,2001,40152
the Democratic Republic of Congo,2002,41833
the Democratic Republic of Congo,2003,43476
the Democratic Republic of Congo,2004,44856
the Democratic Republic of Congo,2005,45844
the Democratic Republic of Congo,2006,46248
the Democratic Republic of Congo,2007,46069
the Democratic Republic of Congo,2008,45544
the Democratic Republic of Congo,2009,44357
the Democratic Republic of Congo,2010,42075
the Democratic Republic of Congo,2011,39671
the Democratic Republic of Congo,2012,36411
the Democratic Republic of Congo,2013,32344
the Democratic Republic of Congo,2014,28250
the Democratic Republic of Congo,2015,24258
the Democratic Republic of Congo,2016,20061
the Democratic Republic of Congo,2017,16414
Denmark,1990,85
Denmark,1991,97
Denmark,1992,113
Denmark,1993,137
Denmark,1994,243
Denmark,1995,266
Denmark,1996,176
Denmark,1997,73
Denmark,1998,48
Denmark,1999,51
Denmark,2000,35
Denmark,2001,40
Denmark,2002,44
Denmark,2003,51
Denmark,2004,48
Denmark,2005,40
Denmark,2006,32
Denmark,2007,36
Denmark,2008,29
Denmark,2009,39
Denmark,2010,42
Denmark,2011,30
Denmark,2012,34
Denmark,2013,35
Denmark,2014,23
Denmark,2015,29
Denmark,2016,27
Denmark,2017,26
the Dominican Republic,1990,77
the Dominican Republic,1991,165
the Dominican Republic,1992,299
the Dominican Republic,1993,496
the Dominican Republic,1994,758
the Dominican Republic,1995,1080
the Dominican Republic,1996,1446
the Dominican Republic,1997,1834
the Dominican Republic,1998,2222
the Dominican Republic,1999,2601
the Dominican Republic,2000,2955
the Dominican Republic,2001,3268
the Dominican Republic,2002,3545
the Dominican Republic,2003,3806
the Dominican Republic,2004,4006
the Dominican Republic,2005,4115
the Dominican Republic,2006,4116
the Dominican Republic,2007,3991
the Dominican Republic,2008,3803
the Dominican Republic,2009,3638
the Dominican Republic,2010,3434
the Dominican Republic,2011,3211
the Dominican Republic,2012,3068
the Dominican Republic,2013,2961
the Dominican Republic,2014,2844
the Dominican Republic,2015,2696
the Dominican Republic,2016,2621
the Dominican Republic,2017,2561
Ecuador,1990,73
Ecuador,1991,101
Ecuador,1992,111
Ecuador,1993,143
Ecuador,1994,171
Ecuador,1995,117
Ecuador,1996,140
Ecuador,1997,254
Ecuador,1998,267
Ecuador,1999,330
Ecuador,2000,349
Ecuador,2001,464
Ecuador,2002,524
Ecuador,2003,583
Ecuador,2004,667
Ecuador,2005,792
Ecuador,2006,907
Ecuador,2007,865
Ecuador,2008,901
Ecuador,2009,937
Ecuador,2010,959
Ecuador,2011,890
Ecuador,2012,944
Ecuador,2013,1020
Ecuador,2014,1094
Ecuador,2015,1045
Ecuador,2016,1092
Ecuador,2017,1093
Egypt,1990,53
Egypt,1991,62
Egypt,1992,70
Egypt,1993,78
Egypt,1994,85
Egypt,1995,91
Egypt,1996,96
Egypt,1997,101
Egypt,1998,105
Egypt,1999,108
Egypt,2000,110
Egypt,2001,113
Egypt,2002,114
Egypt,2003,116
Egypt,2004,119
Egypt,2005,121
Egypt,2006,113
Egypt,2007,102
Egypt,2008,101
Egypt,2009,102
Egypt,2010,104
Egypt,2011,111
Egypt,2012,113
Egypt,2013,111
Egypt,2014,100
Egypt,2015,88
Egypt,2016,77
Egypt,2017,64
England,1990,398
England,1991,487
England,1992,537
England,1993,618
England,1994,711
England,1995,714
England,1996,490
England,1997,355
England,1998,217
England,1999,228
England,2000,229
England,2001,245
England,2002,251
England,2003,291
England,2004,252
England,2005,269
England,2006,286
England,2007,292
England,2008,294
England,2009,286
England,2010,280
England,2011,232
England,2012,224
England,2013,234
England,2014,184
England,2015,234
England,2016,231
England,2017,216
Eritrea,1990,191
Eritrea,1991,232
Eritrea,1992,365
Eritrea,1993,564
Eritrea,1994,815
Eritrea,1995,1142
Eritrea,1996,1480
Eritrea,1997,1861
Eritrea,1998,2238
Eritrea,1999,2578
Eritrea,2000,2857
Eritrea,2001,3205
Eritrea,2002,3573
Eritrea,2003,3950
Eritrea,2004,4000
Eritrea,2005,3951
Eritrea,2006,3816
Eritrea,2007,3619
Eritrea,2008,3384
Eritrea,2009,3116
Eritrea,2010,2826
Eritrea,2011,2535
Eritrea,2012,2276
Eritrea,2013,2054
Eritrea,2014,1842
Eritrea,2015,1691
Eritrea,2016,1601
Eritrea,2017,1520
Estonia,2005,31
Estonia,2006,44
Estonia,2007,36
Estonia,2008,40
Estonia,2009,48
Estonia,2010,42
Estonia,2011,54
Estonia,2012,47
Estonia,2013,49
Estonia,2014,45
Estonia,2015,42
Estonia,2016,39
Estonia,2017,37
Ethiopia,1990,17521
Ethiopia,1991,25683
Ethiopia,1992,35037
Ethiopia,1993,46054
Ethiopia,1994,58153
Ethiopia,1995,70508
Ethiopia,1996,82124
Ethiopia,1997,92238
Ethiopia,1998,100336
Ethiopia,1999,106105
Ethiopia,2000,109568
Ethiopia,2001,110914
Ethiopia,2002,110025
Ethiopia,2003,107260
Ethiopia,2004,102811
Ethiopia,2005,96930
Ethiopia,2006,89299
Ethiopia,2007,79565
Ethiopia,2008,68837
Ethiopia,2009,59134
Ethiopia,2010,49484
Ethiopia,2011,41283
Ethiopia,2012,35173
Ethiopia,2013,30535
Ethiopia,2014,26075
Ethiopia,2015,22778
Ethiopia,2016,19982
Ethiopia,2017,17180
Finland,1991,20
Finland,1992,24
Finland,1993,22
Finland,1994,20
Finland,1995,24
Finland,1996,31
France,1990,3069
France,1991,3983
France,1992,4617
France,1993,5042
France,1994,5479
France,1995,5255
France,1996,3955
France,1997,1685
France,1998,1347
France,1999,1290
France,2000,1291
France,2001,1243
France,2002,1236
France,2003,1169
France,2004,1144
France,2005,1003
France,2006,989
France,2007,858
France,2008,782
France,2009,662
France,2010,594
France,2011,500
France,2012,507
France,2013,540
France,2014,433
France,2015,499
France,2016,499
France,2017,491
Gabon,1990,269
Gabon,1991,336
Gabon,1992,413
Gabon,1993,507
Gabon,1994,625
Gabon,1995,775
Gabon,1996,956
Gabon,1997,1173
Gabon,1998,1427
Gabon,1999,1714
Gabon,2000,2023
Gabon,2001,2322
Gabon,2002,2592
Gabon,2003,2816
Gabon,2004,2969
Gabon,2005,3000
Gabon,2006,2940
Gabon,2007,2842
Gabon,2008,2702
Gabon,2009,2546
Gabon,2010,2338
Gabon,2011,2144
Gabon,2012,1927
Gabon,2013,1615
Gabon,2014,1352
Gabon,2015,1124
Gabon,2016,857
Gabon,2017,643
Gambia,1991,28
Gambia,1992,42
Gambia,1993,62
Gambia,1994,87
Gambia,1995,116
Gambia,1996,156
Gambia,1997,206
Gambia,1998,265
Gambia,1999,334
Gambia,2000,413
Gambia,2001,502
Gambia,2002,598
Gambia,2003,697
Gambia,2004,799
Gambia,2005,891
Gambia,2006,976
Gambia,2007,1056
Gambia,2008,1114
Gambia,2009,1154
Gambia,2010,1111
Gambia,2011,1068
Gambia,2012,1005
Gambia,2013,1015
Gambia,2014,1025
Gambia,2015,1002
Gambia,2016,956
Gambia,2017,882
Georgia,2011,22
Georgia,2012,54
Georgia,2013,37
Georgia,2014,61
Georgia,2015,55
Georgia,2016,38
Georgia,2017,34
Germany,1990,1667
Germany,1991,1963
Germany,1992,2125
Germany,1993,2444
Germany,1994,2525
Germany,1995,2301
Germany,1996,1849
Germany,1997,1059
Germany,1998,794
Germany,1999,770
Germany,2000,740
Germany,2001,692
Germany,2002,675
Germany,2003,649
Germany,2004,635
Germany,2005,627
Germany,2006,626
Germany,2007,591
Germany,2008,586
Germany,2009,571
Germany,2010,575
Germany,2011,585
Germany,2012,535
Germany,2013,523
Germany,2014,502
Germany,2015,516
Germany,2016,482
Germany,2017,464
Ghana,1990,4746
Ghana,1991,6149
Ghana,1992,7677
Ghana,1993,9277
Ghana,1994,10889
Ghana,1995,12464
Ghana,1996,13937
Ghana,1997,15265
Ghana,1998,16444
Ghana,1999,17514
Ghana,2000,18508
Ghana,2001,19445
Ghana,2002,20326
Ghana,2003,21167
Ghana,2004,21902
Ghana,2005,22490
Ghana,2006,22933
Ghana,2007,22963
Ghana,2008,22594
Ghana,2009,22031
Ghana,2010,21021
Ghana,2011,19369
Ghana,2012,17761
Ghana,2013,16934
Ghana,2014,16266
Ghana,2015,15507
Ghana,2016,14711
Ghana,2017,13877
Greece,1990,38
Greece,1991,40
Greece,1992,63
Greece,1993,66
Greece,1994,72
Greece,1995,65
Greece,1996,59
Greece,1997,38
Greece,1998,42
Greece,1999,33
Greece,2000,28
Greece,2002,28
Greece,2003,20
Greece,2007,22
Greece,2009,21
Greece,2010,23
Greece,2011,23
Greece,2012,39
Greece,2013,45
Greece,2014,53
Greece,2015,50
Greece,2016,32
Greece,2017,29
Guatemala,1990,266
Guatemala,1991,294
Guatemala,1992,307
Guatemala,1993,336
Guatemala,1994,348
Guatemala,1995,372
Guatemala,1996,372
Guatemala,1997,446
Guatemala,1998,467
Guatemala,1999,537
Guatemala,2000,429
Guatemala,2001,468
Guatemala,2002,597
Guatemala,2003,650
Guatemala,2004,724
Guatemala,2005,924
Guatemala,2006,962
Guatemala,2007,899
Guatemala,2008,894
Guatemala,2009,839
Guatemala,2010,757
Guatemala,2011,752
Guatemala,2012,653
Guatemala,2013,623
Guatemala,2014,680
Guatemala,2015,606
Guatemala,2016,682
Guatemala,2017,700
Guinea,1990,417
Guinea,1991,577
Guinea,1992,760
Guinea,1993,968
Guinea,1994,1206
Guinea,1995,1480
Guinea,1996,1750
Guinea,1997,2053
Guinea,1998,2412
Guinea,1999,2734
Guinea,2000,3067
Guinea,2001,3406
Guinea,2002,3798
Guinea,2003,4207
Guinea,2004,4601
Guinea,2005,4960
Guinea,2006,5208
Guinea,2007,5353
Guinea,2008,5455
Guinea,2009,5363
Guinea,2010,5045
Guinea,2011,4760
Guinea,2012,4494
Guinea,2013,4044
Guinea,2014,3803
Guinea,2015,3672
Guinea,2016,3312
Guinea,2017,2988
Guyana,1990,89
Guyana,1991,58
Guyana,1992,71
Guyana,1993,130
Guyana,1994,164
Guyana,1995,188
Guyana,1996,266
Guyana,1997,200
Guyana,1998,215
Guyana,1999,258
Guyana,2000,314
Guyana,2001,425
Guyana,2002,439
Guyana,2003,392
Guyana,2004,360
Guyana,2005,329
Guyana,2006,297
Guyana,2007,278
Guyana,2008,242
Guyana,2009,223
Guyana,2010,216
Guyana,2011,233
Guyana,2012,242
Guyana,2013,211
Guyana,2014,211
Guyana,2015,206
Guyana,2016,200
Guyana,2017,195
Haiti,1990,2340
Haiti,1991,3521
Haiti,1992,4944
Haiti,1993,6511
Haiti,1994,8088
Haiti,1995,9548
Haiti,1996,10756
Haiti,1997,11619
Haiti,1998,12143
Haiti,1999,12364
Haiti,2000,12360
Haiti,2001,12176
Haiti,2002,11863
Haiti,2003,11534
Haiti,2004,11218
Haiti,2005,10861
Haiti,2006,10280
Haiti,2007,9749
Haiti,2008,9112
Haiti,2009,8572
Haiti,2010,8091
Haiti,2011,7571
Haiti,2012,6932
Haiti,2013,6067
Haiti,2014,5381
Haiti,2015,5051
Haiti,2016,4542
Haiti,2017,3850
Honduras,1990,68
Honduras,1991,83
Honduras,1992,97
Honduras,1993,110
Honduras,1994,124
Honduras,1995,136
Honduras,1996,149
Honduras,1997,160
Honduras,1998,172
Honduras,1999,182
Honduras,2000,193
Honduras,2001,204
Honduras,2002,202
Honduras,2003,188
Honduras,2004,146
Honduras,2005,114
Honduras,2006,112
Honduras,2007,102
Honduras,2008,95
Honduras,2009,98
Honduras,2010,86
Honduras,2011,77
Honduras,2012,70
Honduras,2013,67
Honduras,2014,59
Honduras,2015,59
Honduras,2016,61
Honduras,2017,62
Hungary,1990,167
Hungary,1991,209
Hungary,1992,220
Hungary,1993,276
Hungary,1994,242
Hungary,1995,244
Hungary,1996,209
Hungary,1997,194
Hungary,1998,177
Hungary,1999,176
Hungary,2000,158
Hungary,2001,133
Hungary,2002,123
Hungary,2003,108
Hungary,2004,111
Hungary,2005,94
Hungary,2006,85
Hungary,2007,85
Hungary,2008,60
Hungary,2009,73
Hungary,2010,67
Hungary,2011,65
Hungary,2012,59
Hungary,2013,34
Hungary,2014,48
Hungary,2015,34
Hungary,2016,35
Hungary,2017,39
India,1990,363
India,1991,986
India,1992,2630
India,1993,5325
India,1994,9769
India,1995,17038
India,1996,26801
India,1997,40612
India,1998,57598
India,1999,77288
India,2000,97404
India,2001,116695
India,2002,134704
India,2003,149437
India,2004,160733
India,2005,168581
India,2006,172138
India,2007,167340
India,2008,158450
India,2009,147544
India,2010,132272
India,2011,117823
India,2012,104723
India,2013,93440
India,2014,81536
India,2015,69890
India,2016,59937
India,2017,52105
Indonesia,1991,81
Indonesia,1992,165
Indonesia,1993,257
Indonesia,1994,377
Indonesia,1995,513
Indonesia,1996,659
Indonesia,1997,815
Indonesia,1998,980
Indonesia,1999,1156
Indonesia,2000,1342
Indonesia,2001,1548
Indonesia,2002,1778
Indonesia,2003,2061
Indonesia,2004,2403
Indonesia,2005,2765
Indonesia,2006,2994
Indonesia,2007,3150
Indonesia,2008,3424
Indonesia,2009,3733
Indonesia,2010,4093
Indonesia,2011,4702
Indonesia,2012,5331
Indonesia,2013,5826
Indonesia,2014,6121
Indonesia,2015,6335
Indonesia,2016,6474
Indonesia,2017,6774
Iran,1990,39
Iran,1991,43
Iran,1992,48
Iran,1993,56
Iran,1994,62
Iran,1995,70
Iran,1996,79
Iran,1997,90
Iran,1998,104
Iran,1999,122
Iran,2000,145
Iran,2001,173
Iran,2002,205
Iran,2003,245
Iran,2004,279
Iran,2005,315
Iran,2006,347
Iran,2007,375
Iran,2008,398
Iran,2009,422
Iran,2010,452
Iran,2011,513
Iran,2012,566
Iran,2013,608
Iran,2014,637
Iran,2015,679
Iran,2016,727
Iran,2017,791
Iraq,1996,21
Iraq,1997,23
Iraq,1998,27
Iraq,1999,30
Iraq,2000,34
Iraq,2001,39
Iraq,2002,43
Iraq,2003,47
Iraq,2004,52
Iraq,2005,54
Iraq,2006,56
Iraq,2007,61
Iraq,2008,65
Iraq,2009,69
Iraq,2010,74
Iraq,2011,80
Iraq,2012,86
Iraq,2013,92
Iraq,2014,98
Iraq,2015,103
Iraq,2016,109
Iraq,2017,115
Ireland,1992,32
Ireland,1993,39
Ireland,1994,35
Ireland,1995,54
Ireland,1996,37
Ireland,1999,24
Israel,1990,41
Israel,1991,52
Israel,1992,53
Israel,1993,67
Israel,1994,40
Israel,1995,61
Israel,1996,33
Israel,1997,39
Israel,1998,39
Israel,1999,34
Israel,2000,33
Israel,2001,37
Israel,2002,30
Israel,2003,36
Israel,2004,32
Israel,2005,36
Israel,2006,35
Israel,2007,53
Israel,2008,38
Israel,2009,40
Israel,2010,33
Israel,2011,44
Israel,2012,45
Israel,2013,47
Israel,2014,41
Israel,2015,50
Israel,2016,42
Israel,2017,41
Italy,1990,1948
Italy,1991,2656
Italy,1992,3327
Italy,1993,4040
Italy,1994,4576
Italy,1995,4893
Italy,1996,4628
Italy,1997,2595
Italy,1998,1454
Italy,1999,1142
Italy,2000,1027
Italy,2001,975
Italy,2002,966
Italy,2003,1333
Italy,2004,1156
Italy,2005,1098
Italy,2006,987
Italy,2007,1027
Italy,2008,955
Italy,2009,890
Italy,2010,835
Italy,2011,811
Italy,2012,844
Italy,2013,750
Italy,2014,676
Italy,2015,665
Italy,2016,676
Italy,2017,660
Jamaica,1990,214
Jamaica,1991,237
Jamaica,1992,264
Jamaica,1993,295
Jamaica,1994,331
Jamaica,1995,370
Jamaica,1996,415
Jamaica,1997,465
Jamaica,1998,523
Jamaica,1999,593
Jamaica,2000,723
Jamaica,2001,769
Jamaica,2002,707
Jamaica,2003,628
Jamaica,2004,669
Jamaica,2005,387
Jamaica,2006,506
Jamaica,2007,510
Jamaica,2008,502
Jamaica,2009,435
Jamaica,2010,612
Jamaica,2011,490
Jamaica,2012,486
Jamaica,2013,476
Jamaica,2014,466
Jamaica,2015,456
Jamaica,2016,447
Jamaica,2017,439
Japan,1990,83
Japan,1991,94
Japan,1992,98
Japan,1993,99
Japan,1994,116
Japan,1995,211
Japan,1996,223
Japan,1997,237
Japan,1998,215
Japan,1999,209
Japan,2000,191
Japan,2001,212
Japan,2002,203
Japan,2003,219
Japan,2004,216
Japan,2005,231
Japan,2006,240
Japan,2007,259
Japan,2008,233
Japan,2009,227
Japan,2010,241
Japan,2011,235
Japan,2012,233
Japan,2013,236
Japan,2014,213
Japan,2015,225
Japan,2016,216
Japan,2017,206
Jordan,2014,20
Jordan,2015,21
Jordan,2016,21
Jordan,2017,22
Kazakhstan,1990,72
Kazakhstan,1991,121
Kazakhstan,1992,136
Kazakhstan,1993,144
Kazakhstan,1994,197
Kazakhstan,1995,278
Kazakhstan,1996,356
Kazakhstan,1997,367
Kazakhstan,1998,337
Kazakhstan,1999,290
Kazakhstan,2000,217
Kazakhstan,2001,208
Kazakhstan,2002,216
Kazakhstan,2003,209
Kazakhstan,2004,230
Kazakhstan,2005,276
Kazakhstan,2006,274
Kazakhstan,2007,272
Kazakhstan,2008,285
Kazakhstan,2009,295
Kazakhstan,2010,304
Kazakhstan,2011,286
Kazakhstan,2012,266
Kazakhstan,2013,264
Kazakhstan,2014,261
Kazakhstan,2015,283
Kazakhstan,2016,261
Kazakhstan,2017,258
Kenya,1990,11891
Kenya,1991,17525
Kenya,1992,24511
Kenya,1993,32713
Kenya,1994,41884
Kenya,1995,51729
Kenya,1996,61711
Kenya,1997,71301
Kenya,1998,80240
Kenya,1999,88218
Kenya,2000,95141
Kenya,2001,100857
Kenya,2002,105171
Kenya,2003,108288
Kenya,2004,109769
Kenya,2005,108881
Kenya,2006,106011
Kenya,2007,100970
Kenya,2008,92753
Kenya,2009,86497
Kenya,2010,78894
Kenya,2011,71528
Kenya,2012,65842
Kenya,2013,62909
Kenya,2014,59354
Kenya,2015,56187
Kenya,2016,52482
Kenya,2017,48502
Kyrgyzstan,1990,21
Kyrgyzstan,1991,33
Kyrgyzstan,1992,26
Kyrgyzstan,1993,39
Kyrgyzstan,1994,42
Kyrgyzstan,1995,54
Kyrgyzstan,1996,61
Kyrgyzstan,1997,66
Kyrgyzstan,1998,102
Kyrgyzstan,1999,118
Kyrgyzstan,2000,112
Kyrgyzstan,2001,130
Kyrgyzstan,2002,110
Kyrgyzstan,2003,105
Kyrgyzstan,2004,99
Kyrgyzstan,2005,118
Kyrgyzstan,2006,116
Kyrgyzstan,2007,132
Kyrgyzstan,2008,99
Kyrgyzstan,2009,127
Kyrgyzstan,2010,124
Kyrgyzstan,2011,146
Kyrgyzstan,2012,169
Kyrgyzstan,2013,193
Kyrgyzstan,2014,212
Kyrgyzstan,2015,189
Kyrgyzstan,2016,187
Kyrgyzstan,2017,186
Latvia,1990,40
Latvia,1991,35
Latvia,1992,64
Latvia,1993,60
Latvia,1994,68
Latvia,1995,76
Latvia,1996,73
Latvia,1997,78
Latvia,1998,80
Latvia,1999,81
Latvia,2000,80
Latvia,2001,72
Latvia,2002,71
Latvia,2003,79
Latvia,2004,71
Latvia,2005,72
Latvia,2006,87
Latvia,2007,83
Latvia,2008,107
Latvia,2009,102
Latvia,2010,127
Latvia,2011,123
Latvia,2012,136
Latvia,2013,150
Latvia,2014,141
Latvia,2015,141
Latvia,2016,132
Latvia,2017,126
Lebanon,1990,57
Lebanon,1991,65
Lebanon,1992,72
Lebanon,1993,78
Lebanon,1994,84
Lebanon,1995,89
Lebanon,1996,92
Lebanon,1997,95
Lebanon,1998,97
Lebanon,1999,99
Lebanon,2000,100
Lebanon,2001,99
Lebanon,2002,96
Lebanon,2003,94
Lebanon,2004,90
Lebanon,2005,88
Lebanon,2006,88
Lebanon,2007,87
Lebanon,2008,85
Lebanon,2009,86
Lebanon,2010,88
Lebanon,2011,91
Lebanon,2012,102
Lebanon,2013,104
Lebanon,2014,103
Lebanon,2015,106
Lebanon,2016,109
Liberia,1990,172
Liberia,1991,251
Liberia,1992,374
Liberia,1993,504
Liberia,1994,659
Liberia,1995,860
Liberia,1996,1121
Liberia,1997,1463
Liberia,1998,1762
Liberia,1999,2115
Liberia,2000,2453
Liberia,2001,2743
Liberia,2002,2916
Liberia,2003,2985
Liberia,2004,3063
Liberia,2005,3161
Liberia,2006,3211
Liberia,2007,3200
Liberia,2008,3100
Liberia,2009,2955
Liberia,2010,2776
Liberia,2011,2580
Liberia,2012,2362
Liberia,2013,2195
Liberia,2014,2059
Liberia,2015,1981
Liberia,2016,1899
Liberia,2017,1840
Libya,1998,20
Libya,1999,23
Libya,2000,27
Libya,2001,31
Libya,2002,36
Libya,2003,41
Libya,2004,46
Libya,2005,50
Libya,2006,54
Libya,2007,58
Libya,2008,62
Libya,2009,66
Libya,2010,70
Libya,2011,76
Libya,2012,81
Libya,2013,86
Libya,2014,90
Libya,2015,94
Libya,2016,98
Libya,2017,103
Lithuania,1991,27
Lithuania,1993,27
Lithuania,1994,51
Lithuania,1995,58
Lithuania,1996,32
Lithuania,1997,27
Lithuania,1998,42
Lithuania,1999,66
Lithuania,2000,54
Lithuania,2001,59
Lithuania,2002,58
Lithuania,2003,70
Lithuania,2004,82
Lithuania,2005,59
Lithuania,2006,61
Lithuania,2007,74
Lithuania,2008,81
Lithuania,2009,76
Lithuania,2010,87
Lithuania,2011,78
Lithuania,2012,68
Lithuania,2013,65
Lithuania,2014,74
Lithuania,2015,70
Lithuania,2016,79
Lithuania,2017,66
Madagascar,1994,44
Madagascar,1995,91
Madagascar,1996,141
Madagascar,1997,225
Madagascar,1998,346
Madagascar,1999,515
Madagascar,2000,736
Madagascar,2001,1008
Madagascar,2002,1315
Madagascar,2003,1644
Madagascar,2004,1969
Madagascar,2005,2265
Madagascar,2006,2508
Madagascar,2007,2687
Madagascar,2008,2797
Madagascar,2009,2841
Madagascar,2010,2831
Madagascar,2011,2773
Madagascar,2012,2696
Madagascar,2013,2611
Madagascar,2014,2529
Madagascar,2015,2460
Madagascar,2016,2442
Madagascar,2017,2534
Malawi,1990,15599
Malawi,1991,21712
Malawi,1992,28950
Malawi,1993,36613
Malawi,1994,42996
Malawi,1995,48411
Malawi,1996,55479
Malawi,1997,62321
Malawi,1998,68582
Malawi,1999,73977
Malawi,2000,78502
Malawi,2001,82109
Malawi,2002,84654
Malawi,2003,86268
Malawi,2004,86704
Malawi,2005,85749
Malawi,2006,83299
Malawi,2007,78871
Malawi,2008,72983
Malawi,2009,67016
Malawi,2010,60158
Malawi,2011,51750
Malawi,2012,42369
Malawi,2013,35361
Malawi,2014,30172
Malawi,2015,26994
Malawi,2016,24494
Malawi,2017,21935
Malaysia,1990,45
Malaysia,1991,110
Malaysia,1992,233
Malaysia,1993,394
Malaysia,1994,584
Malaysia,1995,804
Malaysia,1996,1041
Malaysia,1997,1276
Malaysia,1998,1496
Malaysia,1999,1695
Malaysia,2000,1883
Malaysia,2001,2030
Malaysia,2002,2055
Malaysia,2003,2048
Malaysia,2004,1995
Malaysia,2005,1971
Malaysia,2006,1984
Malaysia,2007,1986
Malaysia,2008,1970
Malaysia,2009,2013
Malaysia,2010,2075
Malaysia,2011,2244
Malaysia,2012,2407
Malaysia,2013,2477
Malaysia,2014,2398
Malaysia,2015,2251
Malaysia,2016,1882
Malaysia,2017,1579
Mali,1990,502
Mali,1991,728
Mali,1992,1013
Mali,1993,1361
Mali,1994,1772
Mali,1995,2262
Mali,1996,2807
Mali,1997,3389
Mali,1998,3987
Mali,1999,4584
Mali,2000,5160
Mali,2001,5700
Mali,2002,6179
Mali,2003,6580
Mali,2004,6840
Mali,2005,7016
Mali,2006,7027
Mali,2007,6796
Mali,2008,6501
Mali,2009,6207
Mali,2010,5914
Mali,2011,5630
Mali,2012,5529
Mali,2013,5674
Mali,2014,5775
Mali,2015,5622
Mali,2016,5443
Mali,2017,5806
Mauritania,1990,41
Mauritania,1991,47
Mauritania,1992,52
Mauritania,1993,55
Mauritania,1994,57
Mauritania,1995,57
Mauritania,1996,56
Mauritania,1997,54
Mauritania,1998,52
Mauritania,1999,50
Mauritania,2000,48
Mauritania,2001,46
Mauritania,2002,44
Mauritania,2003,42
Mauritania,2004,39
Mauritania,2005,34
Mauritania,2006,29
Mauritania,2007,24
Mauritania,2008,21
Mauritania,2009,21
Mauritania,2010,20
Mexico,1990,2058
Mexico,1991,2548
Mexico,1992,3124
Mexico,1993,3769
Mexico,1994,4104
Mexico,1995,4658
Mexico,1996,5084
Mexico,1997,4851
Mexico,1998,5050
Mexico,1999,5147
Mexico,2000,5071
Mexico,2001,5270
Mexico,2002,5346
Mexico,2003,5460
Mexico,2004,5533
Mexico,2005,5529
Mexico,2006,5710
Mexico,2007,5905
Mexico,2008,6080
Mexico,2009,5919
Mexico,2010,5741
Mexico,2011,5785
Mexico,2012,5778
Mexico,2013,5669
Mexico,2014,5591
Mexico,2015,5801
Mexico,2016,5613
Mexico,2017,5575
Moldova,1990,40
Moldova,1991,63
Moldova,1992,54
Moldova,1993,76
Moldova,1994,102
Moldova,1995,100
Moldova,1996,120
Moldova,1997,111
Moldova,1998,114
Moldova,1999,138
Moldova,2000,166
Moldova,2001,138
Moldova,2002,158
Moldova,2003,167
Moldova,2004,191
Moldova,2005,206
Moldova,2006,215
Moldova,2007,233
Moldova,2008,232
Moldova,2009,212
Moldova,2010,217
Moldova,2011,207
Moldova,2012,179
Moldova,2013,174
Moldova,2014,187
Moldova,2015,178
Moldova,2016,162
Moldova,2017,173
Morocco,1990,102
Morocco,1991,126
Morocco,1992,154
Morocco,1993,186
Morocco,1994,221
Morocco,1995,260
Morocco,1996,302
Morocco,1997,347
Morocco,1998,397
Morocco,1999,452
Morocco,2000,513
Morocco,2001,579
Morocco,2002,650
Morocco,2003,702
Morocco,2004,724
Morocco,2005,753
Morocco,2006,798
Morocco,2007,840
Morocco,2008,861
Morocco,2009,874
Morocco,2010,891
Morocco,2011,926
Morocco,2012,907
Morocco,2013,848
Morocco,2014,778
Morocco,2015,720
Morocco,2016,653
Morocco,2017,602
Mozambique,1990,2845
Mozambique,1991,4401
Mozambique,1992,6530
Mozambique,1993,9284
Mozambique,1994,12702
Mozambique,1995,16849
Mozambique,1996,21688
Mozambique,1997,27176
Mozambique,1998,33212
Mozambique,1999,39630
Mozambique,2000,46401
Mozambique,2001,53313
Mozambique,2002,60247
Mozambique,2003,66908
Mozambique,2004,73089
Mozambique,2005,78753
Mozambique,2006,83354
Mozambique,2007,85725
Mozambique,2008,86706
Mozambique,2009,88361
Mozambique,2010,90215
Mozambique,2011,90909
Mozambique,2012,91888
Mozambique,2013,86929
Mozambique,2014,78390
Mozambique,2015,72606
Mozambique,2016,67206
Mozambique,2017,62135
Namibia,1990,793
Namibia,1991,1050
Namibia,1992,1365
Namibia,1993,1752
Namibia,1994,2225
Namibia,1995,2797
Namibia,1996,3475
Namibia,1997,4261
Namibia,1998,5143
Namibia,1999,6092
Namibia,2000,7099
Namibia,2001,8123
Namibia,2002,9146
Namibia,2003,10116
Namibia,2004,10915
Namibia,2005,11328
Namibia,2006,11277
Namibia,2007,10703
Namibia,2008,9770
Namibia,2009,9115
Namibia,2010,8170
Namibia,2011,6891
Namibia,2012,5861
Namibia,2013,5064
Namibia,2014,4635
Namibia,2015,4353
Namibia,2016,4067
Namibia,2017,3960
Nepal,1995,20
Nepal,1996,40
Nepal,1997,78
Nepal,1998,152
Nepal,1999,279
Nepal,2000,471
Nepal,2001,723
Nepal,2002,1032
Nepal,2003,1385
Nepal,2004,1774
Nepal,2005,2166
Nepal,2006,2523
Nepal,2007,2788
Nepal,2008,2963
Nepal,2009,3084
Nepal,2010,3214
Nepal,2011,3314
Nepal,2012,3296
Nepal,2013,3212
Nepal,2014,3076
Nepal,2015,2925
Nepal,2016,2774
Nepal,2017,2619
the Netherlands,1990,308
the Netherlands,1991,339
the Netherlands,1992,458
the Netherlands,1993,490
the Netherlands,1994,504
the Netherlands,1995,501
the Netherlands,1996,380
the Netherlands,1997,224
the Netherlands,1998,172
the Netherlands,1999,174
the Netherlands,2000,170
the Netherlands,2001,165
the Netherlands,2002,127
the Netherlands,2003,124
the Netherlands,2004,117
the Netherlands,2005,102
the Netherlands,2006,62
the Netherlands,2007,86
the Netherlands,2008,68
the Netherlands,2009,83
the Netherlands,2010,62
the Netherlands,2011,71
the Netherlands,2012,58
the Netherlands,2013,57
the Netherlands,2014,55
the Netherlands,2015,58
the Netherlands,2016,63
the Netherlands,2017,55
New Zealand,1990,56
New Zealand,1991,65
New Zealand,1992,63
New Zealand,1993,56
New Zealand,1994,57
New Zealand,1995,39
New Zealand,1996,41
New Zealand,1997,37
New Zealand,1999,24
New Zealand,2000,22
Nicaragua,1991,20
Nicaragua,1992,22
Nicaragua,1993,25
Nicaragua,1994,28
Nicaragua,1995,32
Nicaragua,1996,37
Nicaragua,1997,43
Nicaragua,1998,52
Nicaragua,1999,63
Nicaragua,2000,76
Nicaragua,2001,92
Nicaragua,2002,110
Nicaragua,2003,130
Nicaragua,2004,151
Nicaragua,2005,170
Nicaragua,2006,181
Nicaragua,2007,194
Nicaragua,2008,211
Nicaragua,2009,230
Nicaragua,2010,269
Nicaragua,2011,341
Nicaragua,2012,419
Nicaragua,2013,495
Nicaragua,2014,564
Nicaragua,2015,631
Nicaragua,2016,626
Nicaragua,2017,590
Niger,1990,199
Niger,1991,303
Niger,1992,447
Niger,1993,641
Niger,1994,896
Niger,1995,1220
Niger,1996,1611
Niger,1997,2064
Niger,1998,2554
Niger,1999,3059
Niger,2000,3569
Niger,2001,4054
Niger,2002,4484
Niger,2003,4843
Niger,2004,5096
Niger,2005,5232
Niger,2006,5217
Niger,2007,5088
Niger,2008,4892
Niger,2009,4518
Niger,2010,3996
Niger,2011,3575
Niger,2012,3172
Niger,2013,2868
Niger,2014,2678
Niger,2015,2519
Niger,2016,2213
Niger,2017,1950
Nigeria,1990,11180
Nigeria,1991,17250
Nigeria,1992,25567
Nigeria,1993,36303
Nigeria,1994,49580
Nigeria,1995,65195
Nigeria,1996,82921
Nigeria,1997,102081
Nigeria,1998,121969
Nigeria,1999,141831
Nigeria,2000,167885
Nigeria,2001,176669
Nigeria,2002,190348
Nigeria,2003,203410
Nigeria,2004,213387
Nigeria,2005,220419
Nigeria,2006,224323
Nigeria,2007,227519
Nigeria,2008,221189
Nigeria,2009,214061
Nigeria,2010,211079
Nigeria,2011,207489
Nigeria,2012,200269
Nigeria,2013,187557
Nigeria,2014,189572
Nigeria,2015,186174
Nigeria,2016,176473
Nigeria,2017,169102
North Korea,1990,30
North Korea,1991,40
North Korea,1992,56
North Korea,1993,74
North Korea,1994,95
North Korea,1995,116
North Korea,1996,135
North Korea,1997,160
North Korea,1998,188
North Korea,1999,220
North Korea,2000,257
North Korea,2001,300
North Korea,2002,343
North Korea,2003,377
North Korea,2004,405
North Korea,2005,450
North Korea,2006,464
North Korea,2007,460
North Korea,2008,474
North Korea,2009,492
North Korea,2010,478
North Korea,2011,474
North Korea,2012,454
North Korea,2013,488
North Korea,2014,592
North Korea,2015,721
North Korea,2016,825
North Korea,2017,896
Norway,1990,30
Norway,1991,35
Norway,1992,48
Norway,1993,56
Norway,1994,49
Norway,1995,51
Norway,1996,54
Norway,1997,30
Norway,1998,34
Norway,2003,23
Norway,2004,25
Norway,2005,27
Norway,2006,20
Norway,2009,23
Norway,2011,21
Norway,2012,20
Oman,2000,21
Oman,2001,21
Oman,2002,20
Oman,2003,24
Oman,2004,24
Oman,2005,25
Oman,2006,27
Oman,2007,32
Oman,2008,41
Oman,2009,51
Oman,2010,61
Oman,2011,77
Oman,2012,96
Oman,2013,105
Oman,2014,108
Oman,2015,115
Oman,2016,125
Oman,2017,134
Pakistan,1990,299
Pakistan,1991,356
Pakistan,1992,409
Pakistan,1993,455
Pakistan,1994,491
Pakistan,1995,515
Pakistan,1996,530
Pakistan,1997,540
Pakistan,1998,549
Pakistan,1999,559
Pakistan,2000,574
Pakistan,2001,596
Pakistan,2002,627
Pakistan,2003,670
Pakistan,2004,731
Pakistan,2005,814
Pakistan,2006,933
Pakistan,2007,1082
Pakistan,2008,1262
Pakistan,2009,1491
Pakistan,2010,1821
Pakistan,2011,2196
Pakistan,2012,2655
Pakistan,2013,3118
Pakistan,2014,3677
Pakistan,2015,4255
Pakistan,2016,4798
Pakistan,2017,5306
Panama,1990,173
Panama,1991,194
Panama,1992,219
Panama,1993,246
Panama,1994,276
Panama,1995,311
Panama,1996,349
Panama,1997,394
Panama,1998,463
Panama,1999,507
Panama,2000,513
Panama,2001,517
Panama,2002,509
Panama,2003,456
Panama,2004,476
Panama,2005,473
Panama,2006,502
Panama,2007,482
Panama,2008,494
Panama,2009,513
Panama,2010,551
Panama,2011,469
Panama,2012,493
Panama,2013,539
Panama,2014,501
Panama,2015,570
Panama,2016,533
Panama,2017,526
Paraguay,1990,32
Paraguay,1991,38
Paraguay,1992,44
Paraguay,1993,50
Paraguay,1994,57
Paraguay,1995,66
Paraguay,1996,77
Paraguay,1997,89
Paraguay,1998,105
Paraguay,1999,124
Paraguay,2000,148
Paraguay,2001,176
Paraguay,2002,210
Paraguay,2003,250
Paraguay,2004,303
Paraguay,2005,345
Paraguay,2006,357
Paraguay,2007,358
Paraguay,2008,387
Paraguay,2009,420
Paraguay,2010,465
Paraguay,2011,559
Paraguay,2012,651
Paraguay,2013,714
Paraguay,2014,753
Paraguay,2015,781
Paraguay,2016,788
Paraguay,2017,761
Peru,1990,412
Peru,1991,478
Peru,1992,541
Peru,1993,607
Peru,1994,680
Peru,1995,767
Peru,1996,871
Peru,1997,994
Peru,1998,1139
Peru,1999,1305
Peru,2000,1481
Peru,2001,1660
Peru,2002,1784
Peru,2003,1831
Peru,2004,1891
Peru,2005,1957
Peru,2006,1910
Peru,2007,1724
Peru,2008,1601
Peru,2009,1611
Peru,2010,1518
Peru,2011,1509
Peru,2012,1699
Peru,2013,2026
Peru,2014,2290
Peru,2015,2432
Peru,2016,2450
Peru,2017,2395
the Philippines,1990,1156
the Philippines,1991,1253
the Philippines,1992,3189
the Philippines,1993,3150
the Philippines,1994,3007
the Philippines,1995,3030
the Philippines,1996,2984
the Philippines,1997,2713
the Philippines,1998,2760
the Philippines,1999,3618
the Philippines,2000,3610
the Philippines,2001,3787
the Philippines,2002,4364
the Philippines,2003,4651
the Philippines,2004,4540
the Philippines,2005,4581
the Philippines,2006,4947
the Philippines,2007,4869
the Philippines,2008,4694
the Philippines,2009,4760
the Philippines,2010,4305
the Philippines,2011,4577
the Philippines,2012,4301
the Philippines,2013,4150
the Philippines,2014,4049
the Philippines,2015,4467
the Philippines,2016,4281
the Philippines,2017,4184
Poland,1990,66
Poland,1991,72
Poland,1992,78
Poland,1993,84
Poland,1994,92
Poland,1995,100
Poland,1996,109
Poland,1997,119
Poland,1998,131
Poland,1999,157
Poland,2000,164
Poland,2001,141
Poland,2002,168
Poland,2003,157
Poland,2004,168
Poland,2005,162
Poland,2006,137
Poland,2007,163
Poland,2008,190
Poland,2009,133
Poland,2010,169
Poland,2011,164
Poland,2012,151
Poland,2013,138
Poland,2014,133
Poland,2015,168
Poland,2016,148
Poland,2017,143
Portugal,1990,190
Portugal,1991,278
Portugal,1992,422
Portugal,1993,538
Portugal,1994,786
Portugal,1995,1085
Portugal,1996,1316
Portugal,1997,1173
Portugal,1998,1118
Portugal,1999,1202
Portugal,2000,1143
Portugal,2001,1105
Portugal,2002,1070
Portugal,2003,1050
Portugal,2004,976
Portugal,2005,997
Portugal,2006,892
Portugal,2007,901
Portugal,2008,828
Portugal,2009,755
Portugal,2010,715
Portugal,2011,648
Portugal,2012,558
Portugal,2013,511
Portugal,2014,428
Portugal,2015,512
Portugal,2016,511
Portugal,2017,502
Puerto Rico,1990,928
Puerto Rico,1991,1099
Puerto Rico,1992,1246
Puerto Rico,1993,1266
Puerto Rico,1994,1682
Puerto Rico,1995,1665
Puerto Rico,1996,1522
Puerto Rico,1997,935
Puerto Rico,1998,731
Puerto Rico,1999,743
Puerto Rico,2000,690
Puerto Rico,2001,769
Puerto Rico,2002,629
Puerto Rico,2003,534
Puerto Rico,2004,565
Puerto Rico,2005,560
Puerto Rico,2006,499
Puerto Rico,2007,425
Puerto Rico,2008,436
Puerto Rico,2009,396
Puerto Rico,2010,359
Puerto Rico,2011,305
Puerto Rico,2012,252
Puerto Rico,2013,244
Puerto Rico,2014,248
Puerto Rico,2015,212
Puerto Rico,2016,239
Puerto Rico,2017,238
Romania,1990,207
Romania,1991,166
Romania,1992,184
Romania,1993,269
Romania,1994,385
Romania,1995,445
Romania,1996,517
Romania,1997,607
Romania,1998,597
Romania,1999,493
Romania,2000,495
Romania,2001,488
Romania,2002,355
Romania,2003,259
Romania,2004,224
Romania,2005,188
Romania,2006,172
Romania,2007,133
Romania,2008,129
Romania,2009,110
Romania,2010,111
Romania,2011,159
Romania,2012,151
Romania,2013,148
Romania,2014,188
Romania,2015,159
Romania,2016,200
Romania,2017,165
Russia,1990,3119
Russia,1991,3339
Russia,1992,3716
Russia,1993,4582
Russia,1994,5439
Russia,1995,5780
Russia,1996,6221
Russia,1997,6136
Russia,1998,5632
Russia,1999,7204
Russia,2000,7510
Russia,2001,7299
Russia,2002,7932
Russia,2003,8210
Russia,2004,8535
Russia,2005,8995
Russia,2006,9065
Russia,2007,9957
Russia,2008,10754
Russia,2009,11495
Russia,2010,12220
Russia,2011,14058
Russia,2012,14296
Russia,2013,15667
Russia,2014,17124
Russia,2015,20576
Russia,2016,23783
Russia,2017,19301
Rwanda,1990,1584
Rwanda,1991,2333
Rwanda,1992,3360
Rwanda,1993,3991
Rwanda,1994,4226
Rwanda,1995,5602
Rwanda,1996,7679
Rwanda,1997,10401
Rwanda,1998,12112
Rwanda,1999,13280
Rwanda,2000,14162
Rwanda,2001,14769
Rwanda,2002,15120
Rwanda,2003,15283
Rwanda,2004,15059
Rwanda,2005,14179
Rwanda,2006,12752
Rwanda,2007,11205
Rwanda,2008,9563
Rwanda,2009,8266
Rwanda,2010,6959
Rwanda,2011,5903
Rwanda,2012,5186
Rwanda,2013,4564
Rwanda,2014,4047
Rwanda,2015,3625
Rwanda,2016,3223
Rwanda,2017,2962
Saudi Arabia,1990,81
Saudi Arabia,1991,94
Saudi Arabia,1992,107
Saudi Arabia,1993,121
Saudi Arabia,1994,136
Saudi Arabia,1995,150
Saudi Arabia,1996,166
Saudi Arabia,1997,182
Saudi Arabia,1998,199
Saudi Arabia,1999,218
Saudi Arabia,2000,239
Saudi Arabia,2001,261
Saudi Arabia,2002,283
Saudi Arabia,2003,305
Saudi Arabia,2004,324
Saudi Arabia,2005,342
Saudi Arabia,2006,359
Saudi Arabia,2007,375
Saudi Arabia,2008,391
Saudi Arabia,2009,405
Saudi Arabia,2010,419
Saudi Arabia,2011,434
Saudi Arabia,2012,447
Saudi Arabia,2013,461
Saudi Arabia,2014,477
Saudi Arabia,2015,492
Saudi Arabia,2016,509
Saudi Arabia,2017,525
Scotland,1990,39
Scotland,1991,66
Scotland,1992,63
Scotland,1993,77
Scotland,1994,91
Scotland,1995,98
Scotland,1996,75
Scotland,1997,49
Scotland,1998,32
Scotland,1999,33
Scotland,2000,31
Scotland,2001,36
Scotland,2002,34
Scotland,2003,40
Scotland,2004,29
Scotland,2005,34
Scotland,2006,32
Scotland,2007,36
Scotland,2008,32
Scotland,2009,34
Scotland,2010,35
Scotland,2011,28
Scotland,2012,27
Scotland,2013,28
Scotland,2014,24
Scotland,2015,26
Scotland,2016,27
Scotland,2017,25
Senegal,1990,207
Senegal,1991,299
Senegal,1992,417
Senegal,1993,564
Senegal,1994,739
Senegal,1995,945
Senegal,1996,1177
Senegal,1997,1434
Senegal,1998,1707
Senegal,1999,1989
Senegal,2000,2279
Senegal,2001,2567
Senegal,2002,2840
Senegal,2003,3094
Senegal,2004,3321
Senegal,2005,3504
Senegal,2006,3643
Senegal,2007,3487
Senegal,2008,3137
Senegal,2009,2958
Senegal,2010,2789
Senegal,2011,2649
Senegal,2012,2632
Senegal,2013,2565
Senegal,2014,2387
Senegal,2015,2152
Senegal,2016,1945
Senegal,2017,1803
Serbia,1990,30
Serbia,1991,36
Serbia,1992,40
Serbia,1993,42
Serbia,1994,45
Serbia,1995,45
Serbia,1996,46
Serbia,1997,46
Serbia,1998,40
Serbia,1999,44
Serbia,2000,46
Serbia,2001,47
Serbia,2002,53
Serbia,2003,63
Serbia,2004,65
Serbia,2005,58
Serbia,2006,56
Serbia,2007,57
Serbia,2008,56
Serbia,2009,60
Serbia,2010,62
Serbia,2011,73
Serbia,2012,83
Serbia,2013,85
Serbia,2014,83
Serbia,2015,81
Serbia,2016,77
Serbia,2017,72
Sierra Leone,1991,28
Sierra Leone,1992,39
Sierra Leone,1993,57
Sierra Leone,1994,84
Sierra Leone,1995,119
Sierra Leone,1996,172
Sierra Leone,1997,237
Sierra Leone,1998,310
Sierra Leone,1999,431
Sierra Leone,2000,593
Sierra Leone,2001,816
Sierra Leone,2002,1090
Sierra Leone,2003,1414
Sierra Leone,2004,1770
Sierra Leone,2005,2139
Sierra Leone,2006,2490
Sierra Leone,2007,2815
Sierra Leone,2008,3046
Sierra Leone,2009,3226
Sierra Leone,2010,3253
Sierra Leone,2011,3171
Sierra Leone,2012,3089
Sierra Leone,2013,3059
Sierra Leone,2014,2969
Sierra Leone,2015,2793
Sierra Leone,2016,2530
Sierra Leone,2017,2190
Singapore,1993,25
Singapore,1994,28
Singapore,1995,39
Singapore,1996,58
Singapore,1997,52
Singapore,1998,56
Singapore,1999,59
Singapore,2000,60
Singapore,2001,75
Singapore,2002,68
Singapore,2003,49
Singapore,2004,40
Singapore,2005,40
Singapore,2006,37
Singapore,2007,50
Singapore,2008,41
Singapore,2009,43
Singapore,2010,35
Singapore,2011,20
Singapore,2012,38
Singapore,2013,43
Singapore,2014,46
Singapore,2015,31
Singapore,2016,27
Singapore,2017,32
Somalia,1990,149
Somalia,1991,206
Somalia,1992,299
Somalia,1993,423
Somalia,1994,571
Somalia,1995,751
Somalia,1996,962
Somalia,1997,1200
Somalia,1998,1468
Somalia,1999,1751
Somalia,2000,2040
Somalia,2001,2323
Somalia,2002,2588
Somalia,2003,2828
Somalia,2004,3031
Somalia,2005,3195
Somalia,2006,3309
Somalia,2007,3379
Somalia,2008,3378
Somalia,2009,3346
Somalia,2010,3260
Somalia,2011,3123
Somalia,2012,3005
Somalia,2013,2891
Somalia,2014,2798
Somalia,2015,2705
Somalia,2016,2614
Somalia,2017,2392
South Africa,1990,777
South Africa,1991,1774
South Africa,1992,3729
South Africa,1993,7330
South Africa,1994,13427
South Africa,1995,23001
South Africa,1996,36987
South Africa,1997,55924
South Africa,1998,79974
South Africa,1999,108739
South Africa,2000,141032
South Africa,2001,175554
South Africa,2002,210317
South Africa,2003,243000
South Africa,2004,271664
South Africa,2005,294991
South Africa,2006,311371
South Africa,2007,319684
South Africa,2008,320241
South Africa,2009,312138
South Africa,2010,294398
South Africa,2011,270877
South Africa,2012,246536
South Africa,2013,221389
South Africa,2014,197165
South Africa,2015,181205
South Africa,2016,164078
South Africa,2017,135398
Spain,1990,2064
Spain,1991,2713
Spain,1992,3533
Spain,1993,4275
Spain,1994,4961
Spain,1995,5695
Spain,1996,5499
Spain,1997,3115
Spain,1998,1999
Spain,1999,1941
Spain,2000,1782
Spain,2001,1702
Spain,2002,1688
Spain,2003,1677
Spain,2004,1604
Spain,2005,1481
Spain,2006,1357
Spain,2007,1339
Spain,2008,1241
Spain,2009,1101
Spain,2010,1052
Spain,2011,961
Spain,2012,870
Spain,2013,759
Spain,2014,685
Spain,2015,659
Spain,2016,717
Spain,2017,708
Sri Lanka,1990,31
Sri Lanka,1991,37
Sri Lanka,1992,43
Sri Lanka,1993,50
Sri Lanka,1994,56
Sri Lanka,1995,63
Sri Lanka,1996,70
Sri Lanka,1997,77
Sri Lanka,1998,82
Sri Lanka,1999,86
Sri Lanka,2000,89
Sri Lanka,2001,91
Sri Lanka,2002,93
Sri Lanka,2003,94
Sri Lanka,2004,93
Sri Lanka,2005,90
Sri Lanka,2006,86
Sri Lanka,2007,82
Sri Lanka,2008,79
Sri Lanka,2009,76
Sri Lanka,2010,74
Sri Lanka,2011,78
Sri Lanka,2012,81
Sri Lanka,2013,79
Sri Lanka,2014,74
Sri Lanka,2015,69
Sri Lanka,2016,62
Sri Lanka,2017,55
Sudan,1990,188
Sudan,1991,296
Sudan,1992,446
Sudan,1993,627
Sudan,1994,841
Sudan,1995,1075
Sudan,1996,1315
Sudan,1997,1571
Sudan,1998,1826
Sudan,1999,2074
Sudan,2000,2319
Sudan,2001,2549
Sudan,2002,2768
Sudan,2003,2973
Sudan,2004,3195
Sudan,2005,3440
Sudan,2006,3698
Sudan,2007,3970
Sudan,2008,4228
Sudan,2009,4429
Sudan,2010,4633
Sudan,2011,4864
Sudan,2012,5098
Sudan,2013,5312
Sudan,2014,5497
Sudan,2015,5658
Sudan,2016,5705
Sudan,2017,5296
Sweden,1990,69
Sweden,1991,83
Sweden,1992,89
Sweden,1993,97
Sweden,1994,122
Sweden,1995,140
Sweden,1996,117
Sweden,1997,55
Sweden,1998,38
Sweden,1999,35
Sweden,2000,34
Sweden,2001,43
Sweden,2002,35
Sweden,2003,34
Sweden,2004,29
Sweden,2005,32
Sweden,2006,26
Sweden,2007,36
Sweden,2008,24
Sweden,2009,32
Sweden,2010,25
Sweden,2011,32
Sweden,2012,25
Sweden,2013,21
Sweden,2015,25
Sweden,2016,25
Sweden,2017,22
Switzerland,1990,176
Switzerland,1991,200
Switzerland,1992,230
Switzerland,1993,269
Switzerland,1994,326
Switzerland,1995,621
Switzerland,1996,454
Switzerland,1997,289
Switzerland,1998,209
Switzerland,1999,165
Switzerland,2000,151
Switzerland,2001,136
Switzerland,2002,114
Switzerland,2003,105
Switzerland,2004,89
Switzerland,2005,72
Switzerland,2006,78
Switzerland,2007,64
Switzerland,2008,52
Switzerland,2009,49
Switzerland,2010,47
Switzerland,2011,41
Switzerland,2012,49
Switzerland,2013,37
Switzerland,2014,38
Switzerland,2015,31
Switzerland,2016,38
Switzerland,2017,38
Syria,2003,20
Syria,2004,20
Syria,2005,21
Syria,2006,22
Syria,2007,22
Syria,2008,22
Syria,2009,22
Syria,2010,21
Syria,2011,21
Syria,2012,20
Taiwan,1990,28
Taiwan,1991,29
Taiwan,1992,46
Taiwan,1993,51
Taiwan,1994,61
Taiwan,1995,84
Taiwan,1996,112
Taiwan,1997,101
Taiwan,1998,119
Taiwan,1999,83
Taiwan,2000,81
Taiwan,2001,76
Taiwan,2002,87
Taiwan,2003,83
Taiwan,2004,93
Taiwan,2005,127
Taiwan,2006,119
Taiwan,2007,124
Taiwan,2008,181
Taiwan,2009,198
Taiwan,2010,175
Taiwan,2011,242
Taiwan,2012,214
Taiwan,2013,191
Taiwan,2014,192
Taiwan,2015,187
Taiwan,2016,230
Taiwan,2017,197
Tajikistan,1993,21
Tajikistan,1994,26
Tajikistan,1995,32
Tajikistan,1996,38
Tajikistan,1997,45
Tajikistan,1998,53
Tajikistan,1999,62
Tajikistan,2000,71
Tajikistan,2001,80
Tajikistan,2002,89
Tajikistan,2003,97
Tajikistan,2004,104
Tajikistan,2005,110
Tajikistan,2006,114
Tajikistan,2007,115
Tajikistan,2008,115
Tajikistan,2009,113
Tajikistan,2010,113
Tajikistan,2011,104
Tajikistan,2012,87
Tajikistan,2013,79
Tajikistan,2014,68
Tajikistan,2015,54
Tajikistan,2016,46
Tajikistan,2017,44
Tanzania,1990,33028
Tanzania,1991,42710
Tanzania,1992,52909
Tanzania,1993,63290
Tanzania,1994,73458
Tanzania,1995,83159
Tanzania,1996,91835
Tanzania,1997,99166
Tanzania,1998,105554
Tanzania,1999,111056
Tanzania,2000,115782
Tanzania,2001,119483
Tanzania,2002,122001
Tanzania,2003,123745
Tanzania,2004,124796
Tanzania,2005,124594
Tanzania,2006,121830
Tanzania,2007,114588
Tanzania,2008,106336
Tanzania,2009,100081
Tanzania,2010,91453
Tanzania,2011,83882
Tanzania,2012,71279
Tanzania,2013,58747
Tanzania,2014,45822
Tanzania,2015,37428
Tanzania,2016,32081
Tanzania,2017,28298
Thailand,1990,1133
Thailand,1991,2807
Thailand,1992,5289
Thailand,1993,8649
Thailand,1994,12678
Thailand,1995,17146
Thailand,1996,21616
Thailand,1997,25927
Thailand,1998,29645
Thailand,1999,32633
Thailand,2000,34871
Thailand,2001,36126
Thailand,2002,36092
Thailand,2003,35071
Thailand,2004,32048
Thailand,2005,26607
Thailand,2006,22127
Thailand,2007,19648
Thailand,2008,18179
Thailand,2009,18126
Thailand,2010,16938
Thailand,2011,15942
Thailand,2012,16524
Thailand,2013,18917
Thailand,2014,20053
Thailand,2015,20624
Thailand,2016,20081
Thailand,2017,19371
Togo,1990,415
Togo,1991,633
Togo,1992,927
Togo,1993,1313
Togo,1994,1799
Togo,1995,2395
Togo,1996,3093
Togo,1997,3883
Togo,1998,4756
Togo,1999,5685
Togo,2000,6644
Togo,2001,7589
Togo,2002,8469
Togo,2003,9242
Togo,2004,9853
Togo,2005,10214
Togo,2006,10418
Togo,2007,10546
Togo,2008,10464
Togo,2009,10060
Togo,2010,9241
Togo,2011,8349
Togo,2012,7739
Togo,2013,7048
Togo,2014,6370
Togo,2015,5760
Togo,2016,5175
Togo,2017,3874
Trinidad and Tobago,1990,94
Trinidad and Tobago,1991,113
Trinidad and Tobago,1992,168
Trinidad and Tobago,1993,179
Trinidad and Tobago,1994,224
Trinidad and Tobago,1995,227
Trinidad and Tobago,1996,304
Trinidad and Tobago,1997,316
Trinidad and Tobago,1998,354
Trinidad and Tobago,1999,512
Trinidad and Tobago,2000,542
Trinidad and Tobago,2001,536
Trinidad and Tobago,2002,491
Trinidad and Tobago,2003,422
Trinidad and Tobago,2004,327
Trinidad and Tobago,2005,321
Trinidad and Tobago,2006,302
Trinidad and Tobago,2007,258
Trinidad and Tobago,2008,249
Trinidad and Tobago,2009,238
Trinidad and Tobago,2010,226
Trinidad and Tobago,2011,217
Trinidad and Tobago,2012,234
Trinidad and Tobago,2013,233
Trinidad and Tobago,2014,231
Trinidad and Tobago,2015,227
Trinidad and Tobago,2016,223
Trinidad and Tobago,2017,219
Tunisia,1995,22
Tunisia,1996,25
Tunisia,1997,29
Tunisia,1998,33
Tunisia,1999,38
Tunisia,2000,44
Tunisia,2001,49
Tunisia,2002,54
Tunisia,2003,60
Tunisia,2004,67
Tunisia,2005,75
Tunisia,2006,83
Tunisia,2007,92
Tunisia,2008,101
Tunisia,2009,110
Tunisia,2010,119
Tunisia,2011,133
Tunisia,2012,149
Tunisia,2013,163
Tunisia,2014,171
Tunisia,2015,179
Tunisia,2016,186
Tunisia,2017,193
Turkey,1994,20
Turkey,1995,24
Turkey,1996,29
Turkey,1997,34
Turkey,1998,39
Turkey,1999,45
Turkey,2000,52
Turkey,2001,60
Turkey,2002,69
Turkey,2003,80
Turkey,2004,93
Turkey,2005,107
Turkey,2006,105
Turkey,2007,89
Turkey,2008,82
Turkey,2009,92
Turkey,2010,106
Turkey,2011,127
Turkey,2012,145
Turkey,2013,159
Turkey,2014,169
Turkey,2015,180
Turkey,2016,190
Turkey,2017,200
Turkmenistan,1990,47
Turkmenistan,1991,68
Turkmenistan,1992,66
Turkmenistan,1993,82
Turkmenistan,1994,67
Turkmenistan,1995,79
Turkmenistan,1996,105
Turkmenistan,1997,121
Turkmenistan,1998,121
Turkmenistan,1999,157
Turkmenistan,2000,142
Turkmenistan,2001,130
Turkmenistan,2002,99
Turkmenistan,2003,105
Turkmenistan,2004,109
Turkmenistan,2005,116
Turkmenistan,2006,101
Turkmenistan,2007,107
Turkmenistan,2008,103
Turkmenistan,2009,118
Turkmenistan,2010,120
Turkmenistan,2011,105
Turkmenistan,2012,98
Turkmenistan,2013,98
Turkmenistan,2014,107
Turkmenistan,2015,107
Turkmenistan,2016,100
Turkmenistan,2017,99
Uganda,1990,80059
Uganda,1991,87620
Uganda,1992,93238
Uganda,1993,96948
Uganda,1994,99019
Uganda,1995,99814
Uganda,1996,99356
Uganda,1997,98068
Uganda,1998,96457
Uganda,1999,94791
Uganda,2000,93454
Uganda,2001,91725
Uganda,2002,89704
Uganda,2003,87806
Uganda,2004,85186
Uganda,2005,81438
Uganda,2006,78694
Uganda,2007,77197
Uganda,2008,74466
Uganda,2009,71475
Uganda,2010,67545
Uganda,2011,62463
Uganda,2012,55730
Uganda,2013,48016
Uganda,2014,39494
Uganda,2015,31286
Uganda,2016,27064
Uganda,2017,25920
Ukraine,1990,1572
Ukraine,1991,1615
Ukraine,1992,1783
Ukraine,1993,2139
Ukraine,1994,2419
Ukraine,1995,3104
Ukraine,1996,3607
Ukraine,1997,3964
Ukraine,1998,3808
Ukraine,1999,4717
Ukraine,2000,5531
Ukraine,2001,5350
Ukraine,2002,4881
Ukraine,2003,5333
Ukraine,2004,5700
Ukraine,2005,8416
Ukraine,2006,8468
Ukraine,2007,8826
Ukraine,2008,9364
Ukraine,2009,8777
Ukraine,2010,8626
Ukraine,2011,8434
Ukraine,2012,8214
Ukraine,2013,5428
Ukraine,2014,6442
Ukraine,2015,4411
Ukraine,2016,4370
Ukraine,2017,5075
the United Arab Emirates,2001,20
the United Arab Emirates,2002,24
the United Arab Emirates,2003,28
the United Arab Emirates,2004,32
the United Arab Emirates,2005,37
the United Arab Emirates,2006,43
the United Arab Emirates,2007,58
the United Arab Emirates,2008,80
the United Arab Emirates,2009,95
the United Arab Emirates,2010,107
the United Arab Emirates,2011,119
the United Arab Emirates,2012,133
the United Arab Emirates,2013,144
the United Arab Emirates,2014,158
the United Arab Emirates,2015,172
the United Arab Emirates,2016,187
the United Arab Emirates,2017,204
the United Kingdom,1990,468
the United Kingdom,1991,590
the United Kingdom,1992,637
the United Kingdom,1993,740
the United Kingdom,1994,853
the United Kingdom,1995,864
the United Kingdom,1996,607
the United Kingdom,1997,433
the United Kingdom,1998,269
the United Kingdom,1999,282
the United Kingdom,2000,281
the United Kingdom,2001,302
the United Kingdom,2002,308
the United Kingdom,2003,356
the United Kingdom,2004,305
the United Kingdom,2005,329
the United Kingdom,2006,345
the United Kingdom,2007,356
the United Kingdom,2008,353
the United Kingdom,2009,348
the United Kingdom,2010,343
the United Kingdom,2011,284
the United Kingdom,2012,275
the United Kingdom,2013,286
the United Kingdom,2014,231
the United Kingdom,2015,287
the United Kingdom,2016,282
the United Kingdom,2017,264
the United States,1990,27519
the United States,1991,32223
the United States,1992,36373
the United States,1993,40483
the United States,1994,45017
the United States,1995,45400
the United States,1996,33718
the United States,1997,19251
the United States,1998,15674
the United States,1999,16818
the United States,2000,15996
the United States,2001,15549
the United States,2002,15321
the United States,2003,14891
the United States,2004,14201
the United States,2005,13628
the United States,2006,13063
the United States,2007,12235
the United States,2008,11181
the United States,2009,10333
the United States,2010,9081
the United States,2011,8364
the United States,2012,7898
the United States,2013,7597
the United States,2014,7319
the United States,2015,7028
the United States,2016,7414
the United States,2017,7342
Uruguay,1990,48
Uruguay,1991,54
Uruguay,1992,63
Uruguay,1993,83
Uruguay,1994,92
Uruguay,1995,87
Uruguay,1996,116
Uruguay,1997,97
Uruguay,1998,114
Uruguay,1999,122
Uruguay,2000,137
Uruguay,2001,151
Uruguay,2002,152
Uruguay,2003,165
Uruguay,2004,160
Uruguay,2005,178
Uruguay,2006,146
Uruguay,2007,172
Uruguay,2008,185
Uruguay,2009,186
Uruguay,2010,195
Uruguay,2011,193
Uruguay,2012,194
Uruguay,2013,176
Uruguay,2014,183
Uruguay,2015,180
Uruguay,2016,182
Uruguay,2017,180
Uzbekistan,1990,121
Uzbekistan,1991,99
Uzbekistan,1992,112
Uzbekistan,1993,110
Uzbekistan,1994,135
Uzbekistan,1995,170
Uzbekistan,1996,182
Uzbekistan,1997,226
Uzbekistan,1998,247
Uzbekistan,1999,305
Uzbekistan,2000,318
Uzbekistan,2001,335
Uzbekistan,2002,343
Uzbekistan,2003,327
Uzbekistan,2004,341
Uzbekistan,2005,360
Uzbekistan,2006,411
Uzbekistan,2007,437
Uzbekistan,2008,466
Uzbekistan,2009,485
Uzbekistan,2010,537
Uzbekistan,2011,545
Uzbekistan,2012,558
Uzbekistan,2013,518
Uzbekistan,2014,604
Uzbekistan,2015,604
Uzbekistan,2016,598
Uzbekistan,2017,601
Venezuela,1990,681
Venezuela,1991,632
Venezuela,1992,792
Venezuela,1993,918
Venezuela,1994,1107
Venezuela,1995,951
Venezuela,1996,1010
Venezuela,1997,1205
Venezuela,1998,1238
Venezuela,1999,1350
Venezuela,2000,1379
Venezuela,2001,1266
Venezuela,2002,1262
Venezuela,2003,1350
Venezuela,2004,1526
Venezuela,2005,1572
Venezuela,2006,1655
Venezuela,2007,1741
Venezuela,2008,1744
Venezuela,2009,1853
Venezuela,2010,1939
Venezuela,2011,2238
Venezuela,2012,2253
Venezuela,2013,2168
Venezuela,2014,2181
Venezuela,2015,2164
Venezuela,2016,2145
Venezuela,2017,2127
Vietnam,1990,455
Vietnam,1991,733
Vietnam,1992,1059
Vietnam,1993,1415
Vietnam,1994,1793
Vietnam,1995,2197
Vietnam,1996,2641
Vietnam,1997,3159
Vietnam,1998,3772
Vietnam,1999,4497
Vietnam,2000,5336
Vietnam,2001,6255
Vietnam,2002,7251
Vietnam,2003,8296
Vietnam,2004,9354
Vietnam,2005,10274
Vietnam,2006,10796
Vietnam,2007,10815
Vietnam,2008,10341
Vietnam,2009,9936
Vietnam,2010,10140
Vietnam,2011,11238
Vietnam,2012,11778
Vietnam,2013,11802
Vietnam,2014,11698
Vietnam,2015,11559
Vietnam,2016,11393
Vietnam,2017,11434
Wales,1991,22
Wales,1992,23
Wales,1993,29
Wales,1994,32
Wales,1995,33
Wales,1996,26
Yemen,1990,74
Yemen,1991,84
Yemen,1992,93
Yemen,1993,103
Yemen,1994,113
Yemen,1995,122
Yemen,1996,131
Yemen,1997,140
Yemen,1998,149
Yemen,1999,158
Yemen,2000,168
Yemen,2001,179
Yemen,2002,191
Yemen,2003,203
Yemen,2004,216
Yemen,2005,230
Yemen,2006,243
Yemen,2007,253
Yemen,2008,254
Yemen,2009,259
Yemen,2010,265
Yemen,2011,271
Yemen,2012,289
Yemen,2013,307
Yemen,2014,310
Yemen,2015,325
Yemen,2016,339
Yemen,2017,387
Zambia,1990,15008
Zambia,1991,19874
Zambia,1992,25136
Zambia,1993,30529
Zambia,1994,35770
Zambia,1995,40629
Zambia,1996,44910
Zambia,1997,48575
Zambia,1998,51615
Zambia,1999,54138
Zambia,2000,56317
Zambia,2001,58272
Zambia,2002,60099
Zambia,2003,61555
Zambia,2004,62163
Zambia,2005,62375
Zambia,2006,61913
Zambia,2007,59128
Zambia,2008,54440
Zambia,2009,49475
Zambia,2010,43500
Zambia,2011,38245
Zambia,2012,34185
Zambia,2013,30280
Zambia,2014,26772
Zambia,2015,23927
Zambia,2016,21963
Zambia,2017,21806
Zimbabwe,1990,23247
Zimbabwe,1991,31936
Zimbabwe,1992,41638
Zimbabwe,1993,51864
Zimbabwe,1994,62015
Zimbabwe,1995,71546
Zimbabwe,1996,79881
Zimbabwe,1997,86742
Zimbabwe,1998,92142
Zimbabwe,1999,96167
Zimbabwe,2000,99161
Zimbabwe,2001,101237
Zimbabwe,2002,102577
Zimbabwe,2003,103451
Zimbabwe,2004,103755
Zimbabwe,2005,102976
Zimbabwe,2006,100640
Zimbabwe,2007,96199
Zimbabwe,2008,89436
Zimbabwe,2009,81068
Zimbabwe,2010,67373
Zimbabwe,2011,51415
Zimbabwe,2012,39831
Zimbabwe,2013,31808
Zimbabwe,2014,24602
Zimbabwe,2015,20841
Zimbabwe,2016,18491
Zimbabwe,2017,16065